{
  "accuracy": 0.9315673289183223,
  "macro_f1": 0.8876587918854106
}