{
  "LR_TFIDF": {
    "acc": 0.46,
    "macro_f1": 0.3801795192110673,
    "macro_auc": 0.6093385881020645
  },
  "FinBERT": {
    "acc": 0.52,
    "macro_f1": 0.509391353440601,
    "macro_auc": 0.6695628444811018
  },
  "VADER": {
    "acc": 0.51,
    "macro_f1": 0.5029777405402958,
    "t_neg": -0.01999999999999935,
    "t_pos": 0.350000000000001
  }
}