{
  "dataset": "fpb",
  "cv_acc_mean": 0.5941159459994216,
  "cv_acc_std": 0.03580716674259561,
  "cv_f1_mean": 0.48727901931925854,
  "cv_f1_std": 0.03026481290600758,
  "holdout_accuracy": 0.6490066225165563,
  "holdout_macro_f1": 0.5456498579061663,
  "n_test": 453
}