{
  "dataset": "fpb",
  "t_neg": -0.01999999999999935,
  "t_pos": 0.370000000000001,
  "train_best_macro_f1": 0.5116154301968484,
  "holdout_accuracy": 0.6512141280353201,
  "holdout_macro_f1": 0.5316629907231999,
  "n_test": 453
}